ADELIZZI Cosimo;adelizzi_c@camera.it
AIELLO Piera;aiello_p@camera.it
AIELLO Davide;aiello_d@camera.it
ACUNZO Nicola;acunzo_n@camera.it
ALAIMO Roberta;alaimo_r@camera.it
ACQUAROLI Francesco;acquaroli_f@camera.it
AMITRANO Alessandro;amitrano_a@camera.it
ANDREUZZA Giorgia;andreuzza_g@camera.it
ALEMANNO Maria Soave;alemanno_m@camera.it
ANGELUCCI Antonio;angelucci_a@camera.it
ANNIBALI Lucia;annibali_l@camera.it
ANGIOLA Nunzio;angiola_n@camera.it
ANZALDI Michele;anzaldi_m@camera.it
APREA Valentina;aprea_v@camera.it
ARESTA Giovanni Luca;aresta_g@camera.it
ASCANI Anna;ascani_a@camera.it
APRILE Nadia;aprile_n@camera.it
AZZOLINA Lucia;azzolina_l@camera.it
ASCARI Stefania;ascari_s@camera.it
BADOLE Mirco;badole_m@camera.it
BAGNASCO Roberto;bagnasco_r@camera.it
BALDELLI Simone;baldelli_s@camera.it
BALDINO Vittoria;baldino_v@camera.it
BALDINI Maria Teresa;baldini_m@camera.it
BARBUTO Elisabetta Maria;barbuto_e@camera.it
BARATTO Raffaele;baratto_r@camera.it
BARELLI Paolo;barelli_p@camera.it
BARONI Anna Lisa;baroni_a@camera.it
BARTOLOZZI Giusi;bartolozzi_g@camera.it
BARONI Massimo Enrico;baroni_m@camera.it
BARZOTTI Valentina;barzotti_v@camera.it
BASINI Giuseppe;basini_g@camera.it
BATTILOCCHIO Alessandro;battilocchio_a@camera.it
BAZZARO Alex;bazzaro_a@camera.it
BELLA Marco;bella_m@camera.it
BATTELLI Sergio;battelli_s@camera.it
BAZOLI Alfredo;bazoli_a@camera.it
BELLACHIOMA Giuseppe Ercole;bellachioma_g@camera.it
BENDINELLI Davide;bendinelli_d@camera.it
BELLUCCI Maria Teresa;bellucci_m@camera.it
BENAMATI Gianluca;benamati_g@camera.it
BELOTTI Daniele;belotti_d@camera.it
BENIGNI Stefano;benigni_s@camera.it
BENEDETTI Silvia;benedetti_silvia@camera.it
BERARDINI Fabio;berardini_f@camera.it
BERGAMINI Deborah;bergamini_d@camera.it
BENVENUTO Alessandro Manuel;benvenuto_a@camera.it
BERLINGHIERI Marina;berlinghieri_m@camera.it
BERTI Francesco;berti_f@camera.it
BERSANI Pier Luigi;bersani_p@camera.it
BIANCHI Matteo Luigi;bianchi_matteo@camera.it
BILLI Simone;billi_s@camera.it
BIGNAMI Galeazzo;bignami_g@camera.it
BIANCOFIORE Michaela;biancofiore_m@camera.it
BILOTTI Anna;bilotti_a@camera.it
BINELLI Diego;binelli_d@camera.it
BOCCIA Francesco;boccia_f@camera.it
BOLDI Rossana Lidia;boldi_r@camera.it
BISA Ingrid;bisa_i@camera.it
BITONCI Massimo;bitonci_m@camera.it
BOLOGNA Fabiola;bologna_f@camera.it
BOLDRINI Laura;boldrini_l@camera.it
BONOMO Francesca;bonomo_f@camera.it
BOND Dario;bond_d@camera.it
BONIARDI Fabio Massimo;boniardi_f@camera.it
BORDO Michele;bordo_m@camera.it
BONAFEDE Alfonso;bonafede_a@camera.it
BORDONALI Simona;bordonali_s@camera.it
BORGHI Claudio;borghi_c@camera.it
BORGHESE Mario Alejandro;borghese_m@camera.it
BOSCHI Maria Elena;boschi_m@camera.it
BORGHI Enrico;borghi_e@camera.it
BRAGA Chiara;braga_c@camera.it
BRAMBILLA Michela Vittoria;brambilla_m@camera.it
BRESCIA Giuseppe;brescia_g@camera.it
BRUNETTA Renato;r.brunetta@camera.it
BRUNO Raffaele;bruno_r@camera.it
BRUNO BOSSIO Vincenza;bruno_vincenza@camera.it
BUBISUTTI Aurelia;bubisutti_a@camera.it
BUCALO Carmela;bucalo_c@camera.it
BUFFAGNI Stefano;buffagni_s@camera.it
BUOMPANE Giuseppe;buompane_g@camera.it
BURATTI Umberto;buratti_u@camera.it
BUSINAROLO Francesca;businarolo_f@camera.it
BUTTI Alessio;butti_a@camera.it
CABRAS Pino;cabras_p@camera.it
CADEDDU Luciano;cadeddu_l@camera.it
CAFFARATTO Gualtiero;caffaratto_g@camera.it
CAIATA Salvatore;caiata_s@camera.it
CALABRIA Annagrazia;calabria_a@camera.it
CAMPANA Micaela;campana_m@camera.it
CANNIZZARO Francesco;cannizzaro_f@camera.it
CANNATELLI Pasquale Pio Graziano;cannatelli_p@camera.it
CANCELLERI Azzurra Pia Maria;cancelleri_a@camera.it
CANTALAMESSA Gianluca;cantalamessa_g@camera.it
CANTINI Laura;cantini_l@camera.it
CANTONE Carla;cantone_c@camera.it
CAPARVI Virginio;caparvi_v@camera.it
CAON Roberto;caon_r@camera.it
CAPPELLACCI Ugo;cappellacci_u@camera.it
CANTONE Luciano;cantone_l@camera.it
CAPITANIO Massimiliano;capitanio_m@camera.it
CAPPELLANI Santi;cappellani_s@camera.it
CARE' Nicola;care_n@camera.it
CARABETTA Luca;carabetta_l@camera.it
CARBONARO Alessandra;carbonaro_a@camera.it
CARDINALE Daniela;cardinale_daniela@camera.it
CARELLI Emilio;carelli_e@camera.it
CARETTA Maria Cristina;caretta_m@camera.it
CARNEVALI Elena;carnevali_e@camera.it
CARFAGNA Maria Rosaria;carfagna_m@camera.it
CASA Vittoria;casa_v@camera.it
CARRARA Maurizio;carrara_m@camera.it
CARINELLI Paola;carinelli_p@camera.it
CASTELLI Laura;castelli_l@camera.it
CASCIELLO Luigi;casciello_l@camera.it
CASO Andrea;caso_a@camera.it
CASINO Michele;casino_m@camera.it
CASSINELLI Roberto;cassinelli_r@camera.it
CASSESE Gianpaolo;cassese_g@camera.it
CASTIELLO Giuseppina;castiello_g@camera.it
CATALDI Roberto;cataldi_r@camera.it
CATTOI Vanessa;cattoi_v@camera.it
CAVANDOLI Laura;cavandoli_l@camera.it
CATTOI Maurizio;cattoi_m@camera.it
CATTANEO Alessandro;cattaneo_a@camera.it
CECCANTI Stefano;ceccanti_s@camera.it
CENNI Susanna;cenni_s@camera.it
CECCHETTI Fabrizio;cecchetti_f@camera.it
CECCONI Andrea;cecconi_a@camera.it
CENTEMERO Giulio;centemero_g@camera.it
CESTARI Emanuele;cestari_e@camera.it
CIPRINI Tiziana;ciprini_t@camera.it
CIABURRO Monica;ciaburro_m@camera.it
CHIAZZESE Giuseppe;chiazzese_g@camera.it
CILLIS Luciano;cillis_l@camera.it
CIAMPI Lucia;ciampi_l@camera.it
CIMINO Rosalba;cimino_r@camera.it
COLLA Jari;colla_j@camera.it
COIN Dimitri;coin_d@camera.it
COLANINNO Matteo;colaninno_m@camera.it
COLLETTI Andrea;colletti_a@camera.it
CIRIELLI Edmondo;cirielli_e@camera.it
COLMELLERE Angela;colmellere_a@camera.it
COMINARDI Claudio;cominardi_c@camera.it
COMAROLI Silvana Andreina;comaroli_s@camera.it
COMENCINI Vito;comencini_v@camera.it
COLUCCI Alessandro;colucci_a@camera.it
CONTE Federico;conte_f@camera.it
CORDA Emanuela;corda_e@camera.it
COSTA Enrico;costa_e@camera.it
CORTELAZZO Piergiorgio;cortelazzo_p@camera.it
CORNELI Valentina;corneli_v@camera.it
COVOLO Silvia;covolo_s@camera.it
COSTANZO Jessica;costanzo_j@camera.it
CRIPPA Andrea;crippa_a@camera.it
CRISTINA Mirella;cristina_m@camera.it
CUBEDDU Sebastiano;cubeddu_s@camera.it
CRIPPA Davide;crippa_d@camera.it
CRITELLI Francesco;critelli_f@camera.it
CUNIAL Sara;cunial_s@camera.it
DADONE Fabiana;dadone_f@camera.it
D'ALESSANDRO Camillo;dalessandro_c@camera.it
DAGA Federica;daga_f@camera.it
CURRO' Giovanni;curro_g@camera.it
DALL'OSSO Matteo;dallosso_m@camera.it
DAL MORO Gian Pietro;dalmoro_g@camera.it
DE ANGELIS Sara;deangelis_s@camera.it
D'ARRANDO Celeste;darrando_c@camera.it
DARA Andrea;dara_a@camera.it
D'ATTIS Mauro;dattis_m@camera.it
D'AMBROSIO Giuseppe;dambrosio_giuseppe@camera.it
DE CARLO Luca;decarlo_l@camera.it
DE GIORGI Rosalba;degiorgi_r@camera.it
DE CARLO Sabrina;decarlo_s@camera.it
DE FILIPPO Vito;defilippo_v@camera.it
DEIANA Paola;deiana_p@camera.it
DE GIROLAMO Carlo Ugo;degirolamo_c@camera.it
DEIDDA Salvatore;deidda_s@camera.it
DEL GROSSO Daniele;delgrosso_d@camera.it
DEL BARBA Mauro;delbarba_m@camera.it
DEL BASSO DE CARO Umberto;delbasso_u@camera.it
DELLA FRERA Guido;dellafrera_g@camera.it
DELMASTRO DELLE VEDOVE Andrea;delmastro_a@camera.it
DE LORENZO Rina;delorenzo_r@camera.it
DE LORENZIS Diego;delorenzis_d@camera.it
DEL MONACO Antonio;delmonaco_a@camera.it
DEL SESTO Margherita;delsesto_m@camera.it
DEL RE Emanuela Claudia;delre_e@camera.it
DE MARIA Andrea;demaria_a@camera.it
DE MARTINI Guido;demartini_g@camera.it
DE MENECH Roger;demenech_r@camera.it
DE MICHELI Paola;demicheli_p@camera.it
DE LUCA Piero;deluca_p@camera.it
DELRIO Graziano;delrio_g@camera.it
DE TOMA Massimiliano;detoma_m@camera.it
DIENI Federica;dieni_f@camera.it
D'ETTORE Felice Maurizio;dettore_f@camera.it
DI GIORGI Rosa Maria;digiorgi_r@camera.it
DI LAURO Carmela;dilauro_c@camera.it
D'ERAMO Luigi;deramo_l@camera.it
DI MURO Flavio;dimuro_f@camera.it
D'IPPOLITO Giuseppe;dippolito_g@camera.it
DI SAN MARTINO LORENZATO DI IVREA Luis Roberto;disanmartino_l@camera.it
DI MAIO Marco;dimaio_marco@camera.it
DI MAIO Luigi;dimaio_luigi@camera.it
D'INCA' Federico;dinca_f@camera.it
DI STEFANO Manlio;distefano_manlio@camera.it
DONNO Leonardo;donno_l@camera.it
DONZELLI Giovanni;donzelli_g@camera.it
DONINA Giuseppe Cesare;donina_g@camera.it
DI STASIO Iolanda;distasio_i@camera.it
DORI Devis;dori_d@camera.it
EMILIOZZI Mirella;emiliozzi_m@camera.it
D'ORSO Valentina;dorso_v@camera.it
D'UVA Francesco;duva_f@camera.it
DURIGON Claudio;durigon_c@camera.it
EHM Yana Chiara;ehm_y@camera.it
EPIFANI Ettore Guglielmo;epifani_e@camera.it
FANTINATI Mattia;fantinati_m@camera.it
FARO Marialuisa;faro_m@camera.it
ERMELLINO Alessandra;ermellino_a@camera.it
FANTUZ Marica;fantuz_m@camera.it
FASANO Vincenzo;fasano_v@camera.it
FASSINO Piero Franco;fassino_p@camera.it
FATUZZO Carlo;fatuzzo_c@camera.it
FEDERICO Antonio;federico_a@camera.it
FASSINA Stefano;fassina_s@camera.it
FASCINA Marta Antonia;fascina_m@camera.it
FERRARESI Vittorio;ferraresi_v@camera.it
FERRI Cosimo Maria;ferri_c@camera.it
FERRAIOLI Marzia;ferraioli_m@camera.it
FERRARI Roberto Paolo;ferrari_r@camera.it
FIANO Emanuele;fiano_e@camera.it
FICARA Paolo;ficara_p@camera.it
FICO Roberto;roberto.fico@camera.it
FIORAMONTI Lorenzo;fioramonti_l@camera.it
FIORINI Benedetta;fiorini_b@camera.it
FERRO Wanda;ferro_w@camera.it
FLATI Francesca;flati_f@camera.it
NISSOLI Angela Rosaria;nissoli_af@camera.it
FOGLIANI Ketty;fogliani_k@camera.it
FONTANA Ilaria;fontana_i@camera.it
FONTANA Lorenzo;fontana_l@camera.it
FORNARO Federico;fornaro_f@camera.it
FORCINITI Francesco;forciniti_f@camera.it
FORMENTINI Paolo;formentini_p@camera.it
FOSCOLO Sara;foscolo_s@camera.it
FONTANA Gregorio;fontana_g@camera.it
FOTI Tommaso;foti_t@camera.it
FRACCARO Riccardo;fraccaro_r@camera.it
FRAILIS Andrea;frailis_a@camera.it
FRANCESCHINI Dario;franceschini_d@camera.it
FRAGOMELI Gian Mario;fragomeli_g@camera.it
FRASSINI Rebecca;frassini_r@camera.it
FRASSINETTI Paola;frassinetti_p@camera.it
FRUSONE Luca;frusone_l@camera.it
FREGOLENT Silvia;fregolent_s@camera.it
FRATE Flora;frate_f@camera.it
FRATOIANNI Nicola;fratoianni_n@camera.it
FURGIUELE Domenico;furgiuele_d@camera.it
FUSACCHIA Alessandro;fusacchia_a@camera.it
GAGNARLI Chiara;gagnarli_c@camera.it
GADDA Maria Chiara;gadda_m@camera.it
GAGLIARDI Manuela;gagliardi_m@camera.it
GALIZIA Francesca;galizia_f@camera.it
GALANTINO Davide;galantino_d@camera.it
GALLINELLA Filippo;gallinella_f@camera.it
GALLI Dario;galli_d@camera.it
GARAVAGLIA Massimo;garavaglia_m@camera.it
GALLO Luigi;gallo_luigi@camera.it
GARIGLIO Davide;gariglio_d@camera.it
GASTALDI Flavio;gastaldi_f@camera.it
GAVA Vannia;gava_v@camera.it
GELMINI Mariastella;gelmini_m@camera.it
GEMMATO Marcello;gemmato_m@camera.it
GENTILONI SILVERI Paolo;gentiloni_p@camera.it
GEBHARD Renate;gebhard_r@camera.it
GERARDI Francesca;gerardi_f@camera.it
GERMANA' Antonino Salvatore;germana_antonino@camera.it
GIACOMETTO Carluccio;giacometto_c@camera.it
GIACOMETTI Antonietta;giacometti_a@camera.it
GIACHETTI Roberto;giachetti_r@camera.it
GIACOMELLI Antonello;giacomelli_a@camera.it
GIACCONE Andrea;giaccone_a@camera.it
GIACOMONI Sestino;giacomoni_s@camera.it
GIARRIZZO Andrea;giarrizzo_a@camera.it
GIANNONE Veronica;giannone_v@camera.it
GIGLIO VIGNA Alessandro;giglio_a@camera.it
GIORDANO Concetta;giordano_c@camera.it
GIORGETTI Giancarlo;giorgetti_g@camera.it
GIORGIS Andrea;giorgis_a@camera.it
GIULIANO Carla;giuliano_c@camera.it
GOBBATO Claudia;gobbato_c@camera.it
GRANDE Marta;grande_m@camera.it
GIULIODORI Paolo;giuliodori_p@camera.it
GOLINELLI Guglielmo;golinelli_g@camera.it
GRIBAUDO Chiara;gribaudo_c@camera.it
GRILLO Giulia;grillo_g@camera.it
GRIMALDI Nicola;grimaldi_n@camera.it
GUBITOSA Michele;gubitosa_m@camera.it
GRIMOLDI Paolo;grimoldi_p@camera.it
GRIPPA Carmela;grippa_c@camera.it
GUERINI Lorenzo;guerini_lorenzo@camera.it
GUSMEROLI Alberto Luigi;gusmeroli_a@camera.it
INCERTI Antonella;incerti_a@camera.it
GUIDESI Guido;guidesi_g@camera.it
IANARO Angela;ianaro_a@camera.it
IEZZI Igor Giancarlo;iezzi_i@camera.it
L'ABBATE Giuseppe;labbate_g@camera.it
INVIDIA Niccolo';invidia_n@camera.it
INVERNIZZI Cristian;invernizzi_c@camera.it
IORIO Marianna;iorio_m@camera.it
IOVINO Luigi;iovino_l@camera.it
LABRIOLA Vincenza;labriola_v@camera.it
LACARRA Marco;lacarra_m@camera.it
LA MARCA Francesca;lamarca_f@camera.it
LAPIA Mara;lapia_m@camera.it
LATTANZIO Paolo;lattanzio_p@camera.it
LATINI Giorgia;latini_g@camera.it
LAZZARINI Arianna;lazzarini_a@camera.it
LIBRANDI Gianfranco;librandi_g@camera.it
LIUNI Marzio;liuni_m@camera.it
LIUZZI Mirella;liuzzi_m@camera.it
LEGNAIOLI Donatella;legnaioli_d@camera.it
LEPRI Stefano;lepri_s@camera.it
LICATINI Caterina;licatini_c@camera.it
LOLLOBRIGIDA Francesco;lollobrigida_f@camera.it
LOCATELLI Alessandra;locatelli_a@camera.it
LOLINI Mario;lolini_m@camera.it
LO MONTE Carmelo;lomonte_c@camera.it
LONGO Fausto Guilherme;longo_f@camera.it
LOMBARDO Antonio;lombardo_antonio@camera.it
LORENZIN Beatrice;lorenzin_b@camera.it
LOSACCO Alberto;losacco_a@camera.it
LORENZONI Gabriele;lorenzoni_g@camera.it
LOREFICE Marialucia;lorefice_m@camera.it
LORENZONI Eva;lorenzoni_e@camera.it
LUCASELLI Ylenja;lucaselli_y@camera.it
LOVECCHIO Giorgio;lovecchio_g@camera.it
LUPI Maurizio Enzo;lupi_m@camera.it
LUCCHINI Elena;lucchini_e@camera.it
LOTTI Luca;lotti_l@camera.it
LOSS Martina;loss_m@camera.it
MADIA Maria Anna;madia_m@camera.it
MAGGIONI Marco;maggioni_m@camera.it
MAGI Riccardo;magi_r@camera.it
MACINA Anna;macina_a@camera.it
MACCANTI Elena;maccanti_e@camera.it
MAGLIONE Pasquale;maglione_p@camera.it
MANCA Gavino;manca_g@camera.it
MANDELLI Andrea;mandelli_a@camera.it
MANCA Alberto;manca_a@camera.it
MAMMI' Stefania;mammi_s@camera.it
MANCINI Claudio;mancini_c@camera.it
MANIERO Alvise;maniero_a@camera.it
MANZATO Franco;manzato_f@camera.it
MANZO Teresa;manzo_t@camera.it
MARAIA Generoso;maraia_g@camera.it
MARIANI Felice;mariani_f@camera.it
MARIN Marco;marin_m@camera.it
MARINO Bernardo;marino_b@camera.it
MARROCCO Patrizia;marrocco_p@camera.it
MARATTIN Luigi;marattin_l@camera.it
MARTINA Maurizio;martina_m@camera.it
MARCHETTI Riccardo Augusto;marchetti_r@camera.it
MARTINCIGLIO Vita;martinciglio_v@camera.it
MARTINO Antonio;martino_antonio@camera.it
MARZANA Maria;marzana_m@camera.it
MATURI Filippo;maturi_f@camera.it
MASCHIO Ciro;maschio_c@camera.it
MASI Angela;masi_a@camera.it
MAURI Matteo;mauri_m@camera.it
MELICCHIO Alessandro;melicchio_a@camera.it
MAZZETTI Erica;mazzetti_e@camera.it
MELILLI Fabio;melilli_f@camera.it
MELONI Giorgia;meloni_g@camera.it
MENGA Rosa;menga_r@camera.it
MICELI Carmelo;miceli_c@camera.it
MIGLIORE Gennaro;migliore_g@camera.it
MICILLO Salvatore;micillo_s@camera.it
MILANATO Lorena;milanato_l@camera.it
MINARDO Antonino;minardo_antonino@camera.it
MINNITI Domenico;minniti_d@camera.it
MISITI Carmelo Massimo;misiti_c@camera.it
MOLINARI Riccardo;molinari_r@camera.it
MOLLICONE Federico;mollicone_f@camera.it
MOLTENI Nicola;molteni_n@camera.it
MIGLIORINO Luca;migliorino_l@camera.it
MONTARULI Augusta;montaruli_a@camera.it
MOR Mattia;mor_m@camera.it
MORANI Alessia;morani_a@camera.it
MORASSUT Roberto;morassut_r@camera.it
MORELLI Alessandro;morelli_a@camera.it
MORETTO Sara;moretto_s@camera.it
MORGONI Mario;morgoni_m@camera.it
MORRONE Jacopo;morrone_j@camera.it
MOSCHIONI Daniele;moschioni_d@camera.it
MULE' Giorgio;mule_giorgio@camera.it
MUGNAI Stefano;mugnai_s@camera.it
MURELLI Elena;murelli_e@camera.it
MURA Romina;mura_r@camera.it
MURONI Rossella;muroni_r@camera.it
MUSELLA Graziano;musella_g@camera.it
NAPOLI Osvaldo;napoli_o@camera.it
NAPPI Silvana;nappi_s@camera.it
NARDI Martina;nardi_martina@camera.it
NAVARRA Pietro;navarra_p@camera.it
NEVI Raffaele;nevi_r@camera.it
NESCI Dalila;nesci_d@camera.it
NOBILI Luciano;nobili_l@camera.it
NITTI Michele;nitti_m@camera.it
NOJA Lisa;noja_l@camera.it
NOVELLI Roberto;novelli_r@camera.it
ORFINI Matteo;orfini_m@camera.it
ORLANDO Andrea;orlando_a@camera.it
OCCHIUTO Roberto;occhiuto_r@camera.it
OCCHIONERO Giuseppina;occhionero_g@camera.it
OLGIATI Riccardo;olgiati_r@camera.it
ORRICO Anna Laura;orrico_a@camera.it
ORSINI Andrea Giorgio Felice Maria;orsini_a@camera.it
OSNATO Marco;osnato_m@camera.it
PADOAN Pietro Carlo;padoan_p@camera.it
PAGANI Alberto;pagani_a@camera.it
PAGANO Ubaldo;pagano_u@camera.it
PAGANO Alessandro Saro Alfonso;pagano_alessandro@camera.it
PAITA Raffaella;paita_r@camera.it
PALAZZOTTO Erasmo;palazzotto_e@camera.it
PALLINI Maria;pallini_m@camera.it
PALMIERI Antonio;palmieri_a@camera.it
PALMISANO Valentina;palmisano_v@camera.it
PANIZZUT Massimiliano;panizzut_m@camera.it
PASTORINO Luca;pastorino_l@camera.it
PAOLINI Luca Rodolfo;paolini_l@camera.it
PAPIRO Antonella;papiro_a@camera.it
PARENTELA Paolo;parentela_p@camera.it
PARISSE Martina;parisse_m@camera.it
PAROLO Ugo;parolo_u@camera.it
PATERNOSTER Paolo;paternoster_p@camera.it
PATELLI Cristina;patelli_c@camera.it
PEDRAZZINI Claudio;pedrazzini_c@camera.it
PAXIA Maria Laura;paxia_m@camera.it
PATASSINI Tullio;patassini_t@camera.it
PELLA Roberto;pella_r@camera.it
PELLICANI Nicola;pellicani_n@camera.it
PERCONTI Filippo Giuseppe;perconti_f@camera.it
PEREGO DI CREMNAGO Matteo;perego_m@camera.it
PERANTONI Mario;perantoni_m@camera.it
PENNA Leonardo Salvatore;penna_l@camera.it
PENTANGELO Antonio;pentangelo_a@camera.it
PETTARIN Guido Germano;pettarin_g@camera.it
PIASTRA Carlo;piastra_c@camera.it
PETTAZZI Lino;pettazzi_l@camera.it
PICCHI Guglielmo;picchi_g@camera.it
PEZZOPANE Stefania;pezzopane_s@camera.it
PICCOLI Flavia;piccoli_f@camera.it
PICCOLO Tiziana;piccolo_t@camera.it
PITTALIS Pietro;pittalis_p@camera.it
PIGNATONE Dedalo Cosimo Gaetano;pignatone_d@camera.it
PLANGGER Albrecht;plangger_a@camera.it
PINI Giuditta;pini_giuditta@camera.it
PIZZETTI Luciano;pizzetti_l@camera.it
POLIDORI Catia;polidori_c@camera.it
POLLASTRINI Barbara Maria Simonetta;pollastrini_b@camera.it
POLVERINI Renata;polverini_r@camera.it
PORCHIETTO Claudia;porchietto_c@camera.it
PORTAS Giacomo;portas_g@camera.it
POTENTI Manfredi;potenti_m@camera.it
PRISCO Emanuele;prisco_e@camera.it
PRESTIGIACOMO Stefania;prestigiacomo_s@camera.it
PRESTIPINO Patrizia;prestipino_p@camera.it
PRETTO Erik Umberto;pretto_e@camera.it
PROVENZA Nicola;provenza_n@camera.it
QUARTAPELLE PROCOPIO Lia;quartapelle_l@camera.it
RAFFA Angela;raffa_a@camera.it
RADUZZI Raphael;raduzzi_r@camera.it
RAFFAELLI Elena;raffaelli_e@camera.it
RACITI Fausto;raciti_f@camera.it
RACCHELLA Germano;racchella_g@camera.it
RAMPELLI Fabio;rampelli_f@camera.it
RIBOLLA Alberto;ribolla_a@camera.it
RIPANI Elisabetta;ripani_e@camera.it
RAVETTO Laura;ravetto_l@camera.it
RIXI Edoardo;rixi_e@camera.it
RICCIARDI Riccardo;ricciardi_r@camera.it
RIZZETTO Walter;rizzetto_w@camera.it
RIZZO Gianluca;rizzo_g@camera.it
RIZZO NERVO Luca;rizzonervo_l@camera.it
RIZZONE Marco;rizzone_m@camera.it
ROMANIELLO Cristian;romaniello_c@camera.it
ROMANO Paolo Nicolo';romano_paolo@camera.it
ROMANO Andrea;romano_andrea@camera.it
ROSATO Ettore;rosato_e@camera.it
ROSPI Gianluca;rospi_g@camera.it
ROSSELLO Cristina;rossello_c@camera.it
ROSSI Andrea;rossi_andrea@camera.it
ROSSINI Roberto;rossini_r@camera.it
ROSSINI Emanuela;rossini_e@camera.it
ROSSO Roberto;rosso_roberto@camera.it
ROSTAN Michela;rostan_m@camera.it
ROTELLI Mauro;rotelli_m@camera.it
RUFFINO Daniela;ruffino_d@camera.it
ROTONDI Gianfranco;rotondi_g@camera.it
ROTTA Alessia;rotta_a@camera.it
RUGGIERI Andrea;ruggieri_a@camera.it
RUGGIERO Francesca Anna;ruggiero_f@camera.it
RUSSO Giovanni;russo_g@camera.it
RUOCCO Carla;ruocco_c@camera.it
RUSSO Paolo;russo_p@camera.it
SACCANI Gloria;saccani_g@camera.it
SAITTA Eugenio;saitta_e@camera.it
SALTAMARTINI Barbara;saltamartini_b@camera.it
SALAFIA Angela;salafia_a@camera.it
SANGREGORIO Eugenio;sangregorio_e@camera.it
SANTELLI Jole;santelli_j@camera.it
SAPIA Francesco;sapia_f@camera.it
SARRO Carlo;sarro_c@camera.it
SARLI Doriana;sarli_d@camera.it
SASSO Rossano;sasso_r@camera.it
SARTI Giulia;sarti_g@camera.it
SAVINO Sandra;savino_s@camera.it
SAVINO Elvira;savino_e@camera.it
SCALFAROTTO Ivan;scalfarotto_i@camera.it
SCERRA Filippo;scerra_f@camera.it
SCAGLIUSI Emanuele;scagliusi_e@camera.it
SCANU Lucia;scanu_l@camera.it
SCHIRO' Angela;schiro_a@camera.it
SCHULLIAN Manfred;schullian_m@camera.it
SCOMA Francesco;scoma_f@camera.it
SEGNERI Enrica;segneri_e@camera.it
SCUTELLA' Elisa;scutella_e@camera.it
SERRACCHIANI Debora;serracchiani_d@camera.it
SENSI Filippo;sensi_f@camera.it
SIANI Paolo;siani_p@camera.it
SERRITELLA Davide;serritella_d@camera.it
SILLI Giorgio;silli_g@camera.it
SGARBI Vittorio;sgarbi_v@camera.it
SIBILIA Cosimo;sibilia_cosimo@camera.it
SIBILIA Carlo;sibilia_c@camera.it
SILVESTRONI Marco;silvestroni_m@camera.it
SILVESTRI Rachele;silvestri_r@camera.it
SILVESTRI Francesco;silvestri_f@camera.it
SIRACUSANO Matilde;siracusano_m@camera.it
SIRAGUSA Elisa;siragusa_e@camera.it
SISTO Francesco Paolo;sisto_f@camera.it
SORTE Alessandro;sorte_a@camera.it
SOVERINI Serse;soverini_s@camera.it
SOZZANI Diego;sozzani_d@camera.it
SPADAFORA Vincenzo;spadafora_v@camera.it
SODANO Michele;sodano_m@camera.it
SPADONI Maria Edera;spadoni_m@camera.it
SPENA Maria;spena_m@camera.it
SPESSOTTO Arianna;spessotto_a@camera.it
SPERANZA Roberto;speranza_r@camera.it
SQUERI Luca;squeri_l@camera.it
SPORTIELLO Gilda;sportiello_g@camera.it
STEFANI Alberto;stefani_alberto@camera.it
STUMPO Nicola;stumpo_n@camera.it
SURIANO Simona;suriano_s@camera.it
TABACCI Bruno;tabacci_b@camera.it
TARANTINO Leonardo;tarantino_l@camera.it
SUT Luca;sut_l@camera.it
SUTTO Mauro;sutto_m@camera.it
TARTAGLIONE Annaelsa;tartaglione_annaelsa@camera.it
TASSO Antonio;tasso_a@camera.it
TERMINI Guia;termini_g@camera.it
TATEO Anna Rita;tateo_a@camera.it
TERZONI Patrizia;terzoni_p@camera.it
TESTAMENTO Rosa Alba;testamento_r@camera.it
TOCCAFONDI Gabriele;toccafondi_g@camera.it
TOCCALINI Luca;toccalini_l@camera.it
TOFALO Angelo;tofalo_a@camera.it
TIRAMANI Paolo;tiramani_p@camera.it
TOMASI Maura;tomasi_m@camera.it
TONELLI Gianni;tonelli_g@camera.it
TOMBOLATO Giovanni Battista;tombolato_g@camera.it
TONDO Renzo;tondo_r@camera.it
TORTO Daniela;torto_d@camera.it
TOPO Raffaele;topo_r@camera.it
TRANCASSINI Paolo;trancassini_p@camera.it
TRAVERSI Roberto;traversi_r@camera.it
TRIPODI Maria;tripodi_m@camera.it
TRANO Raffaele;trano_r@camera.it
TRIZZINO Giorgio;trizzino_g@camera.it
TRIPIEDI Davide;tripiedi_d@camera.it
TRIPODI Elisa;tripodi_e@camera.it
TURRI Roberto;turri_r@camera.it
TUCCI Riccardo;tucci_r@camera.it
TROIANO Francesca;troiano_f@camera.it
TUZI Manuel;tuzi_m@camera.it
UNGARO Massimo;ungaro_m@camera.it
VACCA Gianluca;vacca_g@camera.it
VALENTE Simone;valente_simone@camera.it
VALBUSA Vania;valbusa_v@camera.it
VALLASCAS Andrea;vallascas_a@camera.it
VALLOTTO Sergio;vallotto_s@camera.it
VALENTINI Valentino;valentini_v@camera.it
VARCHI Maria Carolina;varchi_m@camera.it
VARRICA Adriano;varrica_a@camera.it
VERINI Walter;verini_w@camera.it
VERSACE Giuseppina;versace_g@camera.it
VAZIO Franco;vazio_f@camera.it
VIANELLO Giovanni;vianello_g@camera.it
VIETINA Simona;vietina_s@camera.it
VILLANI Virginia;villani_v@camera.it
VIGNAROLI Stefano;vignaroli_s@camera.it
VILLAROSA Alessio Mattia;villarosa_a@camera.it
VINCI Gianluca;vinci_g@camera.it
VISCOMI Antonio;viscomi_a@camera.it
VITIELLO Catello;vitiello_c@camera.it
VITO Elio;vito_e@camera.it
VOLPI Leda;volpi_l@camera.it
VIZZINI Gloria;vizzini_g@camera.it
VIVIANI Lorenzo;viviani_l@camera.it
ZAN Alessandro;zan_a@camera.it
VOLPI Raffaele;volpi_r@camera.it
ZANETTIN Pierantonio;zanettin_p@camera.it
ZANELLA Federica;zanella_f@camera.it
ZANICHELLI Davide;zanichelli_d@camera.it
ZANGRILLO Paolo;zangrillo_p@camera.it
ZARDINI Diego;zardini_d@camera.it
ZICCHIERI Francesco;zicchieri_f@camera.it
ZENNARO Antonio;zennaro_a@camera.it
ZOFFILI Eugenio;zoffili_e@camera.it
ZOLEZZI Alberto;zolezzi_a@camera.it
ZORDAN Adolfo;zordan_a@camera.it
ZIELLO Edoardo;ziello_e@camera.it
ZUCCONI Riccardo;zucconi_r@camera.it
